{"id": "aaxw-2cb8", "name": "Affordable Housing Pipeline", "assetType": "dataset", "attribution": "Mayor's Office of Housing and Community Development", "attributionLink": "http://sfmohcd.org/", "averageRating": 0, "category": "Housing and Buildings", "createdAt": 1469135655, "description": "Snapshot of the Mayor\u2019s Office of Housing and Community Development (MOHCD) and the Office of Community Investment and Infrastructure (OCII) affordable housing pipeline projects. The projects listed are in the process of development--or are anticipated to be developed--in partnership with non-profit or for-profit developers and financed through city funding agreements, ground leases, disposition and participation agreements and conduit bond financing. The Affordable Housing Pipeline also includes housing units produced by private developers through the Inclusionary Affordable Housing Program. Data reflects all projects as of December 31, 2020.", "displayType": "table", "downloadCount": 3276, "hideFromCatalog": false, "hideFromDataJson": false, "licenseId": "PDDL", "newBackend": true, "numberOfComments": 0, "oid": 36661390, "provenance": "official", "publicationAppendEnabled": false, "publicationDate": 1615357582, "publicationGroup": 12049704, "publicationStage": "published", "rowsUpdatedAt": 1615357466, "rowsUpdatedBy": "bcbz-3kbs", "tableId": 18122221, "totalTimesRated": 0, "viewCount": 7864, "viewLastModified": 1615357582, "viewType": "tabular", "approvals": [{"reviewedAt": 1557163717, "reviewedAutomatically": true, "state": "approved", "submissionId": 3347904, "submissionObject": "public_audience_request", "submissionOutcome": "change_audience", "submittedAt": 1557163717, "workflowId": 2017, "submissionDetails": {"permissionType": "READ"}, "submissionOutcomeApplication": {"failureCount": 0, "status": "success"}, "submitter": {"id": "9wvp-x5mw", "displayName": "Charles MacNulty"}}], "columns": [{"id": 529105474, "name": "Project ID", "dataTypeName": "text", "fieldName": "project_id", "position": 1, "renderTypeName": "text", "tableColumnId": 37404269, "width": 95, "cachedContents": {"non_null": "307", "largest": "2020-032", "null": "0", "top": [{"item": "1980-001a", "count": "1"}, {"item": "1981-001a", "count": "1"}, {"item": "1981-002a", "count": "1"}, {"item": "1982-001a", "count": "1"}, {"item": "1984-010", "count": "1"}, {"item": "1988-006a", "count": "1"}, {"item": "1989-003", "count": "1"}, {"item": "1990-001", "count": "1"}, {"item": "1990-008", "count": "1"}, {"item": "1990-009", "count": "1"}, {"item": "1990-013", "count": "1"}, {"item": "1992-006", "count": "1"}, {"item": "1997-005A", "count": "1"}, {"item": "1998-010", "count": "1"}, {"item": "2000-016", "count": "1"}, {"item": "2006-005", "count": "1"}, {"item": "2008-006", "count": "1"}, {"item": "2008-007", "count": "1"}, {"item": "2009-006", "count": "1"}, {"item": "2010-003", "count": "1"}], "smallest": "1980-001a", "cardinality": "307"}, "format": {"displayStyle": "plain", "align": "left"}}, {"id": 529105475, "name": "Project Status", "dataTypeName": "text", "fieldName": "project_status", "position": 2, "renderTypeName": "text", "tableColumnId": 37404270, "width": 174, "cachedContents": {"non_null": "307", "largest": "(6) Complete", "null": "0", "top": [{"item": "(5) First Construction Document Issued", "count": "90"}, {"item": "(3) Design with Entitlements Approved", "count": "59"}, {"item": "(4) Site Work Permit Issued", "count": "49"}, {"item": "(6) Complete", "count": "43"}, {"item": "(2) Predevelopment Feasibility", "count": "35"}, {"item": "(1) Preliminary Phase", "count": "31"}], "smallest": "(1) Preliminary Phase", "cardinality": "6"}, "format": {}}, {"id": 529105476, "name": "Project Name", "dataTypeName": "text", "fieldName": "project_name", "position": 3, "renderTypeName": "text", "tableColumnId": 37404271, "width": 244, "cachedContents": {"non_null": "307", "largest": "Yosemite", "null": "0", "top": [{"item": "101 Hyde", "count": "1"}, {"item": "1028 Market", "count": "1"}, {"item": "1049 Market St", "count": "1"}, {"item": "1052-1060 Folsom", "count": "1"}, {"item": "1066 Market", "count": "1"}, {"item": "1068 Mission", "count": "1"}, {"item": "1075-1089 Folsom", "count": "1"}, {"item": "1120 Valencia", "count": "1"}, {"item": "1140-1150 Harrison", "count": "1"}, {"item": "1145 Polk St", "count": "1"}, {"item": "1178 Folsom", "count": "1"}, {"item": "119 7th", "count": "1"}, {"item": "1200 17th (related to 901 16th)", "count": "1"}, {"item": "1201 Powell Street/900 Jackson", "count": "1"}, {"item": "1228 Folsom (725 Clementina)", "count": "1"}, {"item": "1245 Folsom", "count": "1"}, {"item": "1270 Mission", "count": "1"}, {"item": "1296 Shotwell (Casa Adelante)", "count": "1"}, {"item": "1298 Howard", "count": "1"}, {"item": "1001 Van Ness", "count": "1"}], "smallest": "1001 Van Ness", "cardinality": "307"}, "format": {}}, {"id": 529105477, "name": "Street Number ", "dataTypeName": "text", "fieldName": "street_number", "position": 4, "renderTypeName": "text", "tableColumnId": 37404272, "width": 106, "cachedContents": {"non_null": "287", "largest": "996", "null": "20", "top": [{"item": "0", "count": "5"}, {"item": "160", "count": "3"}, {"item": "600", "count": "3"}, {"item": "95", "count": "3"}, {"item": "950", "count": "3"}, {"item": "88", "count": "3"}, {"item": "1567", "count": "2"}, {"item": "1000", "count": "2"}, {"item": "1801", "count": "2"}, {"item": "3711", "count": "2"}, {"item": "480", "count": "2"}, {"item": "1601", "count": "2"}, {"item": "655", "count": "2"}, {"item": "901", "count": "2"}, {"item": "4200", "count": "2"}, {"item": "11", "count": "2"}, {"item": "667", "count": "2"}, {"item": "301", "count": "2"}, {"item": "188", "count": "2"}, {"item": "1049", "count": "2"}], "smallest": "0", "cardinality": "244"}, "format": {}}, {"id": 529105478, "name": "Street Name", "dataTypeName": "text", "fieldName": "street_name", "position": 5, "renderTypeName": "text", "tableColumnId": 37404273, "width": 130, "cachedContents": {"non_null": "307", "largest": "Webster", "null": "0", "top": [{"item": "Address not yet assigned", "count": "24"}, {"item": "Mission", "count": "19"}, {"item": "Market", "count": "14"}, {"item": "Folsom", "count": "14"}, {"item": "3rd", "count": "7"}, {"item": "Harrison", "count": "7"}, {"item": "7th", "count": "6"}, {"item": "Eddy", "count": "6"}, {"item": "Howard", "count": "6"}, {"item": "Van Ness", "count": "6"}, {"item": "Tennessee", "count": "5"}, {"item": "Fremont", "count": "4"}, {"item": "24th", "count": "4"}, {"item": "Valencia", "count": "4"}, {"item": "6th", "count": "4"}, {"item": "Harney", "count": "4"}, {"item": "South Van Ness", "count": "4"}, {"item": "16th", "count": "3"}, {"item": "Turk", "count": "3"}, {"item": "Ellis", "count": "3"}], "smallest": "12th", "cardinality": "132"}, "format": {}}, {"id": 529105479, "name": "Street Type", "dataTypeName": "text", "fieldName": "street_type", "position": 6, "renderTypeName": "text", "tableColumnId": 37404789, "width": 100, "cachedContents": {"non_null": "279", "largest": "Way", "null": "28", "top": [{"item": "St", "count": "226"}, {"item": "Ave", "count": "37"}, {"item": "Blvd", "count": "5"}, {"item": "Way", "count": "4"}, {"item": "Ct", "count": "2"}, {"item": "Dr", "count": "1"}, {"item": "Hwy", "count": "1"}, {"item": "Pl", "count": "1"}, {"item": "Rd", "count": "1"}, {"item": "Cir", "count": "1"}], "smallest": "Ave", "cardinality": "10"}, "format": {}}, {"id": 529105480, "name": "Zip Code", "dataTypeName": "text", "fieldName": "zip_code", "position": 7, "renderTypeName": "text", "tableColumnId": 37404274, "width": 63, "cachedContents": {"non_null": "307", "largest": "94158", "null": "0", "top": [{"item": "94103", "count": "62"}, {"item": "94102", "count": "39"}, {"item": "94110", "count": "34"}, {"item": "94107", "count": "34"}, {"item": "94124", "count": "30"}, {"item": "94105", "count": "17"}, {"item": "94109", "count": "15"}, {"item": "94118", "count": "7"}, {"item": "94112", "count": "7"}, {"item": "94117", "count": "7"}, {"item": "94122", "count": "7"}, {"item": "94133", "count": "6"}, {"item": "94158", "count": "6"}, {"item": "94134", "count": "5"}, {"item": "94114", "count": "5"}, {"item": "94116", "count": "4"}, {"item": "94123", "count": "4"}, {"item": "94130", "count": "4"}, {"item": "94132", "count": "3"}, {"item": "94115", "count": "3"}], "smallest": "94017", "cardinality": "25"}, "format": {}}, {"id": 529105481, "name": "Block", "dataTypeName": "text", "description": "", "fieldName": "block", "position": 8, "renderTypeName": "text", "tableColumnId": 132593192, "cachedContents": {"non_null": "307", "largest": "8954", "null": "0", "top": [{"item": "0", "count": "25"}, {"item": "3753", "count": "6"}, {"item": "5000", "count": "4"}, {"item": "4591D", "count": "4"}, {"item": "4591C", "count": "4"}, {"item": "3730", "count": "4"}, {"item": "3509", "count": "4"}, {"item": "3505", "count": "4"}, {"item": "0334", "count": "4"}, {"item": "0645", "count": "3"}, {"item": "0836", "count": "3"}, {"item": "3725", "count": "3"}, {"item": "3554", "count": "3"}, {"item": "8711", "count": "3"}, {"item": "0350", "count": "3"}, {"item": "3521", "count": "3"}, {"item": "6571", "count": "3"}, {"item": "3780", "count": "3"}, {"item": "3775", "count": "3"}, {"item": "0855", "count": "2"}], "smallest": "0", "cardinality": "210"}, "format": {}}, {"id": 529105482, "name": "Lot", "dataTypeName": "text", "description": "", "fieldName": "lot", "position": 9, "renderTypeName": "text", "tableColumnId": 132593193, "cachedContents": {"non_null": "307", "largest": "70", "null": "0", "top": [{"item": "0", "count": "26"}, {"item": "001", "count": "20"}, {"item": "002", "count": "15"}, {"item": "007", "count": "8"}, {"item": "010", "count": "8"}, {"item": "021", "count": "7"}, {"item": "008", "count": "6"}, {"item": "016", "count": "5"}, {"item": "020", "count": "5"}, {"item": "003", "count": "5"}, {"item": "012", "count": "5"}, {"item": "014", "count": "5"}, {"item": "004", "count": "5"}, {"item": "005", "count": "5"}, {"item": "030", "count": "4"}, {"item": "058", "count": "4"}, {"item": "018", "count": "4"}, {"item": "052", "count": "4"}, {"item": "015", "count": "4"}, {"item": "017", "count": "3"}], "smallest": "0", "cardinality": "138"}, "format": {}}, {"id": 529105483, "name": "Supervisor District", "dataTypeName": "text", "description": "", "fieldName": "supervisor_district", "position": 10, "renderTypeName": "text", "tableColumnId": 37404277, "width": 110, "cachedContents": {"non_null": "307", "largest": "9", "null": "0", "top": [{"item": "6", "count": "122"}, {"item": "10", "count": "55"}, {"item": "9", "count": "37"}, {"item": "5", "count": "27"}, {"item": "3", "count": "19"}, {"item": "8", "count": "12"}, {"item": "4", "count": "11"}, {"item": "7", "count": "7"}, {"item": "2", "count": "7"}, {"item": "1", "count": "5"}, {"item": "11", "count": "5"}], "smallest": "1", "cardinality": "11"}, "format": {}}, {"id": 529105484, "name": "City Analysis Neighborhood", "dataTypeName": "text", "description": "", "fieldName": "city_analysis_neighborhood", "position": 11, "renderTypeName": "text", "tableColumnId": 41770830, "width": 100, "cachedContents": {"non_null": "307", "largest": "West of Twin Peaks", "null": "0", "top": [{"item": "South of Market", "count": "52"}, {"item": "Mission", "count": "49"}, {"item": "Bayview Hunters Point", "count": "31"}, {"item": "Tenderloin", "count": "27"}, {"item": "Financial District/South Beach", "count": "25"}, {"item": "Hayes Valley", "count": "17"}, {"item": "Potrero Hill", "count": "13"}, {"item": "Mission Bay", "count": "12"}, {"item": "Sunset/Parkside", "count": "11"}, {"item": "Western Addition", "count": "7"}, {"item": "Nob Hill", "count": "6"}, {"item": "Castro/Upper Market", "count": "5"}, {"item": "Chinatown", "count": "5"}, {"item": "Bernal Heights", "count": "5"}, {"item": "Outer Mission", "count": "4"}, {"item": "Marina", "count": "4"}, {"item": "Haight Ashbury", "count": "4"}, {"item": "Treasure Island", "count": "4"}, {"item": "West of Twin Peaks", "count": "3"}, {"item": "Inner Richmond", "count": "3"}], "smallest": "Bayview Hunters Point", "cardinality": "31"}, "format": {}}, {"id": 529105558, "name": "Planning Neighborhood", "dataTypeName": "text", "description": "", "fieldName": "planning_neighborhood", "position": 12, "renderTypeName": "text", "tableColumnId": 132674259, "width": 175, "cachedContents": {"non_null": "307", "largest": "West of Twin Peaks", "null": "0", "top": [{"item": "South of Market", "count": "71"}, {"item": "Mission", "count": "41"}, {"item": "Downtown/Civic Center", "count": "36"}, {"item": "Bayview", "count": "31"}, {"item": "Financial District", "count": "19"}, {"item": "Western Addition", "count": "18"}, {"item": "Potrero Hill", "count": "18"}, {"item": "Outer Sunset", "count": "7"}, {"item": "Nob Hill", "count": "7"}, {"item": "Castro/Upper Market", "count": "5"}, {"item": "Bernal Heights", "count": "5"}, {"item": "North Beach", "count": "5"}, {"item": "Treasure Island/YBI", "count": "4"}, {"item": "Inner Richmond", "count": "4"}, {"item": "Parkside", "count": "4"}, {"item": "Haight Ashbury", "count": "4"}, {"item": "Marina", "count": "4"}, {"item": "West of Twin Peaks", "count": "3"}, {"item": "Chinatown", "count": "3"}, {"item": "Outer Mission", "count": "3"}], "smallest": "Bayview", "cardinality": "30"}, "format": {}}, {"id": 529105485, "name": "Lead Agency", "dataTypeName": "text", "description": "", "fieldName": "lead_agency", "position": 13, "renderTypeName": "text", "tableColumnId": 37404279, "width": 88, "cachedContents": {"non_null": "307", "largest": "OCII", "null": "0", "top": [{"item": "MOHCD", "count": "262"}, {"item": "OCII", "count": "45"}], "smallest": "MOHCD", "cardinality": "2"}, "format": {}}, {"id": 529105486, "name": "Program Area", "dataTypeName": "text", "description": "", "fieldName": "program_area", "position": 14, "renderTypeName": "text", "tableColumnId": 37404280, "width": 131, "cachedContents": {"non_null": "307", "largest": "Small Sites Program", "null": "0", "top": [{"item": "Inclusionary Housing Program", "count": "155"}, {"item": "Multifamily Rental Program", "count": "74"}, {"item": "Small Sites Program", "count": "25"}, {"item": "Bond Financed Multifamily Housing", "count": "22"}, {"item": "Limited Equity Program", "count": "14"}, {"item": "HOPE SF", "count": "7"}, {"item": "OCII Inclusionary Rental Program", "count": "6"}, {"item": "Bond Financed Inclusionary Housing", "count": "2"}, {"item": "Big Sites Program", "count": "2"}], "smallest": "Big Sites Program", "cardinality": "9"}, "format": {"displayStyle": "plain", "align": "left"}}, {"id": 529105487, "name": "Project Area", "dataTypeName": "text", "description": "", "fieldName": "project_area", "position": 15, "renderTypeName": "text", "tableColumnId": 45563782, "width": 100, "cachedContents": {"non_null": "306", "largest": "Transbay", "null": "1", "top": [{"item": "0", "count": "264"}, {"item": "HP Shipyard Phase 1", "count": "11"}, {"item": "Candlestick Point", "count": "10"}, {"item": "Transbay", "count": "10"}, {"item": "Mission Bay", "count": "6"}, {"item": "HP Shipyard Phase 2", "count": "5"}], "smallest": "0", "cardinality": "6"}, "format": {}}, {"id": 529105488, "name": "Project Type", "dataTypeName": "text", "description": "", "fieldName": "project_type", "position": 16, "renderTypeName": "text", "tableColumnId": 37404723, "width": 100, "cachedContents": {"non_null": "307", "largest": "Rehabilitation", "null": "0", "top": [{"item": "New Construction", "count": "249"}, {"item": "Rehabilitation", "count": "58"}], "smallest": "New Construction", "cardinality": "2"}, "format": {"displayStyle": "plain", "align": "left"}}, {"id": 529105489, "name": "Housing Tenure", "dataTypeName": "text", "description": "", "fieldName": "housing_tenure", "position": 17, "renderTypeName": "text", "tableColumnId": 37404282, "width": 91, "cachedContents": {"non_null": "307", "largest": "Unknown", "null": "0", "top": [{"item": "Rental", "count": "210"}, {"item": "Ownership", "count": "56"}, {"item": "Unknown", "count": "39"}, {"item": "Ownership, Rental", "count": "2"}], "smallest": "Ownership", "cardinality": "4"}, "format": {}}, {"id": 529105490, "name": "SSP Acquisition Date", "dataTypeName": "calendar_date", "description": "", "fieldName": "ssp_rad_acquisition_date", "position": 18, "renderTypeName": "calendar_date", "tableColumnId": 132593194, "width": 99, "cachedContents": {"non_null": "28", "largest": "2020-07-30T00:00:00.000", "null": "279", "top": [{"item": "2013-01-31T00:00:00.000", "count": "1"}, {"item": "2014-05-28T00:00:00.000", "count": "1"}, {"item": "2016-01-22T00:00:00.000", "count": "1"}, {"item": "2016-03-16T00:00:00.000", "count": "1"}, {"item": "2016-08-19T00:00:00.000", "count": "1"}, {"item": "2017-05-01T00:00:00.000", "count": "1"}, {"item": "2017-10-20T00:00:00.000", "count": "1"}, {"item": "2018-05-30T00:00:00.000", "count": "1"}, {"item": "2018-06-08T00:00:00.000", "count": "1"}, {"item": "2018-07-25T00:00:00.000", "count": "1"}, {"item": "2018-10-10T00:00:00.000", "count": "1"}, {"item": "2018-12-07T00:00:00.000", "count": "1"}, {"item": "2019-03-19T00:00:00.000", "count": "1"}, {"item": "2019-05-07T00:00:00.000", "count": "1"}, {"item": "2019-05-30T00:00:00.000", "count": "1"}, {"item": "2019-06-14T00:00:00.000", "count": "1"}, {"item": "2019-09-19T00:00:00.000", "count": "1"}, {"item": "2019-09-20T00:00:00.000", "count": "1"}, {"item": "2019-11-01T00:00:00.000", "count": "1"}, {"item": "2019-12-23T00:00:00.000", "count": "1"}], "smallest": "2013-01-31T00:00:00.000", "cardinality": "28"}, "format": {"view": "date"}}, {"id": 529105491, "name": "Issuance of Notice to Proceed", "dataTypeName": "calendar_date", "description": "", "fieldName": "issuance_of_notice_to_proceed", "position": 19, "renderTypeName": "calendar_date", "tableColumnId": 37404283, "width": 84, "cachedContents": {"non_null": "134", "largest": "2029-06-30T00:00:00.000", "null": "173", "top": [{"item": "2023-07-01T00:00:00.000", "count": "10"}, {"item": "2021-10-01T00:00:00.000", "count": "5"}, {"item": "2021-12-01T00:00:00.000", "count": "5"}, {"item": "2021-04-01T00:00:00.000", "count": "4"}, {"item": "2022-04-01T00:00:00.000", "count": "3"}, {"item": "2022-12-31T00:00:00.000", "count": "3"}, {"item": "2020-04-01T00:00:00.000", "count": "2"}, {"item": "2019-12-15T00:00:00.000", "count": "2"}, {"item": "2020-10-01T00:00:00.000", "count": "2"}, {"item": "2019-07-01T00:00:00.000", "count": "2"}, {"item": "2023-09-01T00:00:00.000", "count": "2"}, {"item": "2023-12-31T00:00:00.000", "count": "2"}, {"item": "2020-05-18T00:00:00.000", "count": "2"}, {"item": "2024-06-01T00:00:00.000", "count": "2"}, {"item": "2019-08-01T00:00:00.000", "count": "2"}, {"item": "2026-06-01T00:00:00.000", "count": "2"}, {"item": "2020-02-01T00:00:00.000", "count": "2"}, {"item": "2019-01-01T00:00:00.000", "count": "2"}, {"item": "2017-05-01T00:00:00.000", "count": "2"}, {"item": "2020-07-01T00:00:00.000", "count": "2"}], "smallest": "2016-10-28T00:00:00.000", "cardinality": "92"}, "format": {"view": "date", "align": "left"}}, {"id": 529105492, "name": "Issuance of Building Permit", "dataTypeName": "calendar_date", "description": "", "fieldName": "issuance_of_building_permit", "position": 20, "renderTypeName": "calendar_date", "tableColumnId": 80515737, "width": 105, "cachedContents": {"non_null": "142", "largest": "2021-01-21T00:00:00.000", "null": "165", "top": [{"item": "2018-12-05T00:00:00.000", "count": "6"}, {"item": "2018-12-07T00:00:00.000", "count": "3"}, {"item": "2017-08-01T00:00:00.000", "count": "2"}, {"item": "2018-11-30T00:00:00.000", "count": "2"}, {"item": "2020-06-30T00:00:00.000", "count": "2"}, {"item": "2018-03-30T00:00:00.000", "count": "2"}, {"item": "2018-08-31T00:00:00.000", "count": "2"}, {"item": "2017-11-08T00:00:00.000", "count": "2"}, {"item": "2018-10-29T00:00:00.000", "count": "2"}, {"item": "2018-09-07T00:00:00.000", "count": "2"}, {"item": "2018-12-31T00:00:00.000", "count": "2"}, {"item": "2020-07-21T00:00:00.000", "count": "2"}, {"item": "2018-07-31T00:00:00.000", "count": "2"}, {"item": "2016-12-30T00:00:00.000", "count": "2"}, {"item": "2016-07-13T00:00:00.000", "count": "2"}, {"item": "2016-11-17T00:00:00.000", "count": "1"}, {"item": "2016-05-27T00:00:00.000", "count": "1"}, {"item": "2016-11-09T00:00:00.000", "count": "1"}, {"item": "2016-10-24T00:00:00.000", "count": "1"}, {"item": "2016-05-06T00:00:00.000", "count": "1"}], "smallest": "2013-12-26T00:00:00.000", "cardinality": "122"}, "format": {"view": "date"}}, {"id": 529105493, "name": "Issuance of First Construction Document", "dataTypeName": "calendar_date", "description": "", "fieldName": "issuance_of_first_construction_document", "position": 21, "renderTypeName": "calendar_date", "tableColumnId": 41770537, "width": 80, "cachedContents": {"non_null": "91", "largest": "2021-01-11T00:00:00.000", "null": "216", "top": [{"item": "2018-12-17T00:00:00.000", "count": "2"}, {"item": "2017-05-25T00:00:00.000", "count": "2"}, {"item": "2019-04-01T00:00:00.000", "count": "2"}, {"item": "2018-03-16T00:00:00.000", "count": "2"}, {"item": "2018-12-28T00:00:00.000", "count": "2"}, {"item": "2017-12-07T00:00:00.000", "count": "2"}, {"item": "2019-03-06T00:00:00.000", "count": "2"}, {"item": "2018-07-03T00:00:00.000", "count": "2"}, {"item": "2020-01-30T00:00:00.000", "count": "2"}, {"item": "2017-11-20T00:00:00.000", "count": "1"}, {"item": "2017-12-01T00:00:00.000", "count": "1"}, {"item": "2017-12-18T00:00:00.000", "count": "1"}, {"item": "2017-12-21T00:00:00.000", "count": "1"}, {"item": "2017-12-26T00:00:00.000", "count": "1"}, {"item": "2017-12-27T00:00:00.000", "count": "1"}, {"item": "2018-01-05T00:00:00.000", "count": "1"}, {"item": "2018-01-17T00:00:00.000", "count": "1"}, {"item": "2018-01-25T00:00:00.000", "count": "1"}, {"item": "2018-03-21T00:00:00.000", "count": "1"}, {"item": "2018-04-24T00:00:00.000", "count": "1"}], "smallest": "2014-01-24T00:00:00.000", "cardinality": "82"}, "format": {"view": "date", "align": "left"}}, {"id": 529105494, "name": "Estimated/Actual Construction Start Date", "dataTypeName": "calendar_date", "description": "", "fieldName": "estimated_actual_construction_start_date", "position": 22, "renderTypeName": "calendar_date", "tableColumnId": 45562422, "width": 100, "cachedContents": {"non_null": "286", "largest": "2029-06-30T00:00:00.000", "null": "21", "top": [{"item": "2021-10-01T00:00:00.000", "count": "6"}, {"item": "2021-12-01T00:00:00.000", "count": "5"}, {"item": "2019-06-05T00:00:00.000", "count": "5"}, {"item": "2021-04-01T00:00:00.000", "count": "4"}, {"item": "2019-07-01T00:00:00.000", "count": "4"}, {"item": "2023-07-01T00:00:00.000", "count": "4"}, {"item": "2022-12-31T00:00:00.000", "count": "3"}, {"item": "2017-12-07T00:00:00.000", "count": "3"}, {"item": "2018-03-16T00:00:00.000", "count": "3"}, {"item": "2022-04-01T00:00:00.000", "count": "3"}, {"item": "2017-05-25T00:00:00.000", "count": "2"}, {"item": "2019-10-18T00:00:00.000", "count": "2"}, {"item": "2020-12-29T00:00:00.000", "count": "2"}, {"item": "2019-05-31T00:00:00.000", "count": "2"}, {"item": "2017-12-01T00:00:00.000", "count": "2"}, {"item": "2019-03-06T00:00:00.000", "count": "2"}, {"item": "2019-11-29T00:00:00.000", "count": "2"}, {"item": "2019-06-07T00:00:00.000", "count": "2"}, {"item": "2019-12-15T00:00:00.000", "count": "2"}, {"item": "2018-05-11T00:00:00.000", "count": "2"}], "smallest": "1899-12-31T00:00:00.000", "cardinality": "220"}, "format": {"view": "date", "align": "left"}}, {"id": 529105495, "name": "Estimated Construction Completion", "dataTypeName": "calendar_date", "description": "", "fieldName": "estimated_construction_completion", "position": 23, "renderTypeName": "calendar_date", "tableColumnId": 37404284, "width": 86, "cachedContents": {"non_null": "284", "largest": "2030-12-22T00:00:00.000", "null": "23", "top": [{"item": "2023-01-15T00:00:00.000", "count": "5"}, {"item": "2021-07-29T00:00:00.000", "count": "5"}, {"item": "2021-06-01T00:00:00.000", "count": "5"}, {"item": "2020-06-30T00:00:00.000", "count": "3"}, {"item": "2022-07-01T00:00:00.000", "count": "3"}, {"item": "2023-12-23T00:00:00.000", "count": "3"}, {"item": "2024-06-30T00:00:00.000", "count": "3"}, {"item": "2021-08-24T00:00:00.000", "count": "2"}, {"item": "2023-02-22T00:00:00.000", "count": "2"}, {"item": "2020-03-12T00:00:00.000", "count": "2"}, {"item": "2023-04-15T00:00:00.000", "count": "2"}, {"item": "2023-05-01T00:00:00.000", "count": "2"}, {"item": "2024-05-01T00:00:00.000", "count": "2"}, {"item": "2022-01-22T00:00:00.000", "count": "2"}, {"item": "2021-04-30T00:00:00.000", "count": "2"}, {"item": "2020-01-30T00:00:00.000", "count": "2"}, {"item": "2021-02-01T00:00:00.000", "count": "2"}, {"item": "2020-04-09T00:00:00.000", "count": "2"}, {"item": "2021-02-15T00:00:00.000", "count": "2"}, {"item": "2021-02-19T00:00:00.000", "count": "2"}], "smallest": "2020-01-25T00:00:00.000", "cardinality": "232"}, "format": {"view": "date", "align": "left"}}, {"id": 529105496, "name": "Project Lead Sponsor", "dataTypeName": "text", "description": "", "fieldName": "project_lead_sponsor", "position": 24, "renderTypeName": "text", "tableColumnId": 37404285, "width": 134, "cachedContents": {"non_null": "282", "largest": "Workshop1", "null": "25", "top": [{"item": "Developer not yet selected", "count": "21"}, {"item": "Reuben, Junius & Rose, LLP", "count": "17"}, {"item": "Mission Economic Development Agency", "count": "15"}, {"item": "Mercy Housing California", "count": "14"}, {"item": "Chinatown Community Development Center", "count": "14"}, {"item": "Tenderloin Neighborhood Development Corporation", "count": "13"}, {"item": "BRIDGE Housing Corporation", "count": "10"}, {"item": "Mission Housing Development Corporation", "count": "9"}, {"item": "Related California", "count": "8"}, {"item": "1899-12-31T00:00:00.000", "count": "6"}, {"item": "McCormack Baron Salazar", "count": "5"}, {"item": "San Francisco Community Land Trust", "count": "4"}, {"item": "Community Housing Partnership", "count": "3"}, {"item": "Farella Braun + Martell LLP", "count": "3"}, {"item": "Bernal Heights Neighborhood Center", "count": "2"}, {"item": "San Francisco Housing Development Corporation", "count": "2"}, {"item": "JS Sullivan Development", "count": "2"}, {"item": "DDG 235 Valencia Realty LLC", "count": "2"}, {"item": "DM Development", "count": "2"}, {"item": "Conard House", "count": "2"}], "smallest": "1567 California, LLC", "cardinality": "139"}, "format": {}}, {"id": 529105497, "name": "Project Co-Sponsor", "dataTypeName": "text", "description": "", "fieldName": "project_co_sponsor", "position": 25, "renderTypeName": "text", "tableColumnId": 37404286, "width": 108, "cachedContents": {"non_null": "40", "largest": "Young Community Developers", "null": "267", "top": [{"item": "San Francisco Housing Development Corporation", "count": "5"}, {"item": "Mission Economic Development Agency", "count": "4"}, {"item": "Mission Housing Development Corporation", "count": "4"}, {"item": "Mercy Housing California", "count": "4"}, {"item": "Tenderloin Neighborhood Development Corporation", "count": "3"}, {"item": "Episcopal Community Services", "count": "2"}, {"item": "John Stewart Company", "count": "2"}, {"item": "Swords to Plowshares", "count": "2"}, {"item": "Young Community Developers", "count": "2"}, {"item": "The Kelsey", "count": "1"}, {"item": "Third Baptist Gardens, Inc.", "count": "1"}, {"item": "Urban Pacific", "count": "1"}, {"item": "Openhouse", "count": "1"}, {"item": "Chinatown Community Development Center", "count": "1"}, {"item": "Community Housing Partnership", "count": "1"}, {"item": "Devine & Gong / Ridgepoint", "count": "1"}, {"item": "Mission Neighborhood Centers", "count": "1"}, {"item": "Catholic Charities", "count": "1"}, {"item": "Related California", "count": "1"}, {"item": "San Francisco Housing Dev. Corporation", "count": "1"}], "smallest": "Catholic Charities", "cardinality": "21"}, "format": {}}, {"id": 529105498, "name": "Project Owner", "dataTypeName": "text", "description": "", "fieldName": "project_owner", "position": 26, "renderTypeName": "text", "tableColumnId": 37404287, "width": 102, "cachedContents": {"non_null": "122", "largest": "Turk 500 Associates, L.P.", "null": "185", "top": [{"item": "MEDA Small Properties, LLC", "count": "13"}, {"item": "Developer not yet selected", "count": "11"}, {"item": "San Francisco Housing Authority until transfer to MHDC affiliated L.P.", "count": "5"}, {"item": "San Francisco Community Land Trust", "count": "4"}, {"item": "Mission Housing Development Corporation", "count": "4"}, {"item": "CCDC Small Sites, LLC", "count": "3"}, {"item": "Tenderloin Neighborhood Development Corporation", "count": "3"}, {"item": "Through Line, L.P.", "count": "3"}, {"item": "Entity to be formed", "count": "2"}, {"item": "Bernal Heights Neighborhood Center", "count": "2"}, {"item": "Conard House Development Corp", "count": "2"}, {"item": "Block One Property Holder, LP", "count": "2"}, {"item": "4 Transbay Partners", "count": "1"}, {"item": "53 Colton, L.P.", "count": "1"}, {"item": "55 Belcher Street, LLC", "count": "1"}, {"item": "562 Mission Street, LLC", "count": "1"}, {"item": "681 Florida L.P.", "count": "1"}, {"item": "735 Davis Senior LP", "count": "1"}, {"item": "88 Broadway Family LP", "count": "1"}, {"item": "Agrippa, LLC", "count": "1"}], "smallest": "1064 Mission, L.P.", "cardinality": "80"}, "format": {}}, {"id": 529105499, "name": "Planning  Case Number", "dataTypeName": "text", "description": "", "fieldName": "planning_case_number", "position": 27, "renderTypeName": "text", "tableColumnId": 37404290, "width": 139, "cachedContents": {"non_null": "307", "largest": "Not Yet Available", "null": "0", "top": [{"item": "Not Applicable", "count": "68"}, {"item": "Not Yet Available", "count": "24"}, {"item": "Not applicable", "count": "3"}, {"item": "2010.0305", "count": "2"}, {"item": "2007.0903", "count": "2"}, {"item": "2011.1300", "count": "2"}, {"item": "2009.1011", "count": "2"}, {"item": "2016-007850PRJ", "count": "2"}, {"item": "2008.0021", "count": "2"}, {"item": "2017-007542PRJ", "count": "2"}, {"item": "2015-005848PRJ", "count": "2"}, {"item": "2012.0678", "count": "1"}, {"item": "2012.1384", "count": "1"}, {"item": "2012.1398", "count": "1"}, {"item": "2012.1553", "count": "1"}, {"item": "2013.0253", "count": "1"}, {"item": "2013.0312", "count": "1"}, {"item": "2013.0321", "count": "1"}, {"item": "2013.0341", "count": "1"}, {"item": "2013.0491", "count": "1"}], "smallest": "2002.1179", "cardinality": "207"}, "format": {}}, {"id": 529105500, "name": "Property Informaiton Map Link", "dataTypeName": "url", "description": "", "fieldName": "property_informaiton_map_link", "position": 28, "renderTypeName": "url", "tableColumnId": 41801940, "width": 100, "format": {}, "subColumnTypes": ["url", "description"]}, {"id": 529105501, "name": "Planning Entitlements", "dataTypeName": "text", "description": "", "fieldName": "planning_entitlements", "position": 29, "renderTypeName": "text", "tableColumnId": 37404291, "width": 131, "cachedContents": {"non_null": "123", "largest": "Density Bonus", "null": "184", "top": [{"item": "2016-007850COA,2016-007850CUA,2016-007850ENV,2016-007850GPR,2016-007850PPA,2016-007850PRV,2016-007850SHD", "count": "2"}, {"item": "2011.1300E,2011.1300K,2011.1300PPA,2011.1300U,2011.1300X", "count": "2"}, {"item": "2008.0021C,2008.0021E,2008.0021E_11,2008.0021E_3,2008.0021E_5,2008.0021E_7,2008.0021E_9,2008.0021K,2008.0021M,2008.0021P,2008.0021T,2008.0021U,2008.0021U_3,2008.0021W,2008.0021Z", "count": "2"}, {"item": "2015-005848CUA,2015-005848ENV,2015-005848GPA,2015-005848PCA,2015-005848PPA,2016-005955DVA,2016-005955TDM", "count": "2"}, {"item": "Density Bonus", "count": "2"}, {"item": "2005.1066C,2005.1066E,2005.1066E_3,2005.1066K,2005.1066P", "count": "1"}, {"item": "2009.0159CUA,2009.0159E,2009.0159E_3,2009.0159GPA,2009.0159IKA,2009.0159K,2009.0159MAP,2009.0159VAR,2009.0159X", "count": "1"}, {"item": "2011.0586CND,2011.0586E,2011.0586IKA,2011.0586K,2011.0586PPA,2011.0586U,2011.0586X", "count": "1"}, {"item": "2011.1122CND,2011.1122CUA,2011.1122E,2011.1122E_3,2011.1122K,2011.1122PPA,2011.1122R,2011.1122U,2011.1122V,2011.1122X,2011.1122Z", "count": "1"}, {"item": "2012.0506C,2012.0506E,2012.0506GEN,2012.0506K,2012.0506U,2012.0506VAR", "count": "1"}, {"item": "2012.0673E,2012.0673U,2012.0673X", "count": "1"}, {"item": "2012.0678C,2012.0678E,2012.0678K,2012.0678PPA,2012.0678U,2012.0678V,2012.0678X", "count": "1"}, {"item": "2012.1398CND,2012.1398E,2012.1398E_3,2012.1398E_5,2012.1398K,2012.1398PPA,2012.1398U,2012.1398X", "count": "1"}, {"item": "2012.1553C, 2012.1553E, 2012.1553IKA, 2012.1553U, 2012.1553V", "count": "1"}, {"item": "2013.0253ENV,2013.0253ENX,2013.0253PPA,2013.0253U", "count": "1"}, {"item": "2013.0312E,2013.0312E_3,2013.0312K,2013.0312PPA,2013.0312U,2013.0312X", "count": "1"}, {"item": "2013.0321A,2013.0321CND,2013.0321E,2013.0321U,2013.0321X", "count": "1"}, {"item": "2013.0341CND,2013.0341E,2013.0341U,2013.0341VAR", "count": "1"}, {"item": "2013.0491DRP,2013.0491E,2013.0491PPA,2013.0491U,2013.0491V", "count": "1"}, {"item": "2013.0499E,2013.0499PPA,2013.0499TDM,2013.0499U", "count": "1"}], "smallest": "11148PRV,11461PRV,2014-002035CUA,2014-002035ENV,2014-002035PPA,2014-002035TDM,2014-002035VAR", "cardinality": "118"}, "format": {}}, {"id": 529105502, "name": "Entitlement Approval", "dataTypeName": "calendar_date", "description": "", "fieldName": "entitlement_approval", "position": 30, "renderTypeName": "calendar_date", "tableColumnId": 41770661, "width": 123, "cachedContents": {"non_null": "186", "largest": "2020-12-03T00:00:00.000", "null": "121", "top": [{"item": "2016-05-12T00:00:00.000", "count": "6"}, {"item": "2015-03-03T00:00:00.000", "count": "4"}, {"item": "2017-10-05T00:00:00.000", "count": "4"}, {"item": "2017-10-19T00:00:00.000", "count": "4"}, {"item": "2018-05-03T00:00:00.000", "count": "3"}, {"item": "2018-08-30T00:00:00.000", "count": "3"}, {"item": "2017-12-14T00:00:00.000", "count": "2"}, {"item": "2018-08-23T00:00:00.000", "count": "2"}, {"item": "2017-03-02T00:00:00.000", "count": "2"}, {"item": "2017-03-03T00:00:00.000", "count": "2"}, {"item": "2011-02-10T00:00:00.000", "count": "2"}, {"item": "2016-11-03T00:00:00.000", "count": "2"}, {"item": "2018-03-20T00:00:00.000", "count": "2"}, {"item": "2017-05-16T00:00:00.000", "count": "2"}, {"item": "2017-05-18T00:00:00.000", "count": "2"}, {"item": "2017-06-01T00:00:00.000", "count": "2"}, {"item": "2016-01-07T00:00:00.000", "count": "2"}, {"item": "2018-12-20T00:00:00.000", "count": "2"}, {"item": "2016-11-17T00:00:00.000", "count": "2"}, {"item": "2018-05-24T00:00:00.000", "count": "2"}], "smallest": "2006-08-03T00:00:00.000", "cardinality": "146"}, "format": {"view": "date", "align": "left"}}, {"id": 529105503, "name": "Section 415 Declaration", "dataTypeName": "text", "description": "", "fieldName": "section_415_declaration", "position": 31, "renderTypeName": "text", "tableColumnId": 41770687, "width": 152, "cachedContents": {"non_null": "155", "largest": "On-site BMR Project, Land Dedication", "null": "152", "top": [{"item": "On-site BMR Project", "count": "100"}, {"item": "Fee Payment", "count": "37"}, {"item": "On-site BMR Project, Fee Payment", "count": "9"}, {"item": "Land Dedication", "count": "2"}, {"item": "Off-site BMR Project", "count": "1"}, {"item": "Off-site BMR Project (Small Sites)/Fee Payment", "count": "1"}, {"item": "Exempt Project", "count": "1"}, {"item": "On-site BMR Project, Land Dedication", "count": "1"}, {"item": "Exempt Project (student housing)", "count": "1"}, {"item": "Exempt Project (Student Housing)", "count": "1"}, {"item": "Exempt Project (Student Housing/DA)", "count": "1"}], "smallest": "Exempt Project", "cardinality": "11"}, "format": {}}, {"id": 529105504, "name": "Project Units", "dataTypeName": "number", "description": "", "fieldName": "project_units", "position": 32, "renderTypeName": "number", "tableColumnId": 37404292, "width": 91, "cachedContents": {"non_null": "307", "largest": "3522", "null": "0", "top": [{"item": "24", "count": "8"}, {"item": "16", "count": "6"}, {"item": "100", "count": "6"}, {"item": "8", "count": "6"}, {"item": "17", "count": "5"}, {"item": "12", "count": "5"}, {"item": "22", "count": "5"}, {"item": "69", "count": "5"}, {"item": "70", "count": "4"}, {"item": "28", "count": "4"}, {"item": "7", "count": "4"}, {"item": "127", "count": "4"}, {"item": "18", "count": "4"}, {"item": "0", "count": "4"}, {"item": "6", "count": "4"}, {"item": "55", "count": "4"}, {"item": "40", "count": "4"}, {"item": "50", "count": "3"}, {"item": "57", "count": "3"}, {"item": "59", "count": "3"}], "smallest": "0", "cardinality": "170"}, "format": {"precisionStyle": "standard", "noCommas": "false", "align": "right", "aggregate": "sum"}}, {"id": 529105505, "name": "Affordable Units", "dataTypeName": "number", "description": "", "fieldName": "affordable_units", "position": 33, "renderTypeName": "number", "tableColumnId": 37404293, "width": 95, "cachedContents": {"non_null": "307", "largest": "256", "null": "0", "top": [{"item": "0", "count": "50"}, {"item": "3", "count": "15"}, {"item": "8", "count": "12"}, {"item": "7", "count": "12"}, {"item": "5", "count": "10"}, {"item": "6", "count": "9"}, {"item": "10", "count": "8"}, {"item": "2", "count": "7"}, {"item": "17", "count": "6"}, {"item": "1", "count": "6"}, {"item": "9", "count": "6"}, {"item": "4", "count": "5"}, {"item": "22", "count": "5"}, {"item": "13", "count": "5"}, {"item": "12", "count": "5"}, {"item": "11", "count": "5"}, {"item": "18", "count": "4"}, {"item": "69", "count": "4"}, {"item": "14", "count": "4"}, {"item": "58", "count": "4"}], "smallest": "0", "cardinality": "108"}, "format": {"precisionStyle": "standard", "noCommas": "false", "align": "right", "aggregate": "sum"}}, {"id": 529105506, "name": "Market Rate Units", "dataTypeName": "number", "description": "", "fieldName": "market_rate_units", "position": 34, "renderTypeName": "number", "tableColumnId": 37404294, "width": 95, "cachedContents": {"non_null": "307", "largest": "3346", "null": "0", "top": [{"item": "1", "count": "71"}, {"item": "0", "count": "55"}, {"item": "2", "count": "9"}, {"item": "11", "count": "6"}, {"item": "21", "count": "6"}, {"item": "16", "count": "5"}, {"item": "18", "count": "4"}, {"item": "49", "count": "4"}, {"item": "15", "count": "3"}, {"item": "35", "count": "3"}, {"item": "24", "count": "3"}, {"item": "41", "count": "3"}, {"item": "155", "count": "3"}, {"item": "12", "count": "3"}, {"item": "20", "count": "2"}, {"item": "17", "count": "2"}, {"item": "42", "count": "2"}, {"item": "37", "count": "2"}, {"item": "30", "count": "2"}, {"item": "22", "count": "2"}], "smallest": "0", "cardinality": "120"}, "format": {"precisionStyle": "standard", "noCommas": "false", "align": "right", "aggregate": "sum"}}, {"id": 529105507, "name": "% Affordable", "dataTypeName": "number", "description": "", "fieldName": "affordable", "position": 35, "renderTypeName": "number", "tableColumnId": 37404295, "width": 70, "cachedContents": {"non_null": "303", "largest": "100", "null": "4", "top": [{"item": "99.00", "count": "58"}, {"item": "100", "count": "49"}, {"item": "0", "count": "46"}, {"item": "13.00", "count": "20"}, {"item": "14.00", "count": "20"}, {"item": "12.00", "count": "13"}, {"item": "15.00", "count": "12"}, {"item": "20.0", "count": "10"}, {"item": "98.00", "count": "10"}, {"item": "10.0", "count": "8"}, {"item": "16.00", "count": "8"}, {"item": "97.00", "count": "6"}, {"item": "11.00", "count": "5"}, {"item": "25.00", "count": "5"}, {"item": "18.00", "count": "5"}, {"item": "5.00", "count": "4"}, {"item": "24.00", "count": "3"}, {"item": "9.00", "count": "3"}, {"item": "17.00", "count": "2"}, {"item": "8.00", "count": "2"}], "smallest": "0", "cardinality": "32"}, "format": {"precisionStyle": "percentage", "percentScale": "100", "view": "percent_text", "noCommas": "false", "align": "right"}}, {"id": 529105508, "name": "SRO Units", "dataTypeName": "number", "description": "", "fieldName": "sro_units", "position": 36, "renderTypeName": "number", "tableColumnId": 41770776, "width": 100, "cachedContents": {"non_null": "307", "largest": "138", "null": "0", "top": [{"item": "0", "count": "286"}, {"item": "14", "count": "2"}, {"item": "71", "count": "2"}, {"item": "22", "count": "2"}, {"item": "15", "count": "1"}, {"item": "17", "count": "1"}, {"item": "19", "count": "1"}, {"item": "30", "count": "1"}, {"item": "32", "count": "1"}, {"item": "36", "count": "1"}, {"item": "42", "count": "1"}, {"item": "57", "count": "1"}, {"item": "58", "count": "1"}, {"item": "67", "count": "1"}, {"item": "134", "count": "1"}, {"item": "138", "count": "1"}, {"item": "3", "count": "1"}, {"item": "9", "count": "1"}, {"item": "10", "count": "1"}], "smallest": "0", "cardinality": "19"}, "format": {"precisionStyle": "standard", "noCommas": "false", "align": "right", "aggregate": "sum"}}, {"id": 529105509, "name": "Studio Units", "dataTypeName": "number", "description": "", "fieldName": "studio_units", "position": 37, "renderTypeName": "number", "tableColumnId": 37404296, "width": 71, "cachedContents": {"non_null": "307", "largest": "256", "null": "0", "top": [{"item": "0", "count": "203"}, {"item": "2", "count": "16"}, {"item": "1", "count": "14"}, {"item": "4", "count": "9"}, {"item": "3", "count": "8"}, {"item": "8", "count": "4"}, {"item": "24", "count": "4"}, {"item": "16", "count": "3"}, {"item": "7", "count": "3"}, {"item": "10", "count": "3"}, {"item": "15", "count": "3"}, {"item": "12", "count": "3"}, {"item": "44", "count": "2"}, {"item": "30", "count": "2"}, {"item": "14", "count": "2"}, {"item": "40", "count": "2"}, {"item": "23", "count": "2"}, {"item": "5", "count": "2"}, {"item": "77", "count": "1"}, {"item": "96", "count": "1"}], "smallest": "0", "cardinality": "40"}, "format": {"precisionStyle": "standard", "noCommas": "false", "align": "right", "aggregate": "sum"}}, {"id": 529105510, "name": "1bd Units", "dataTypeName": "number", "description": "", "fieldName": "_1bd_units", "position": 38, "renderTypeName": "number", "tableColumnId": 37404297, "width": 76, "cachedContents": {"non_null": "307", "largest": "201", "null": "0", "top": [{"item": "0", "count": "150"}, {"item": "1", "count": "21"}, {"item": "2", "count": "18"}, {"item": "3", "count": "14"}, {"item": "6", "count": "12"}, {"item": "4", "count": "10"}, {"item": "7", "count": "7"}, {"item": "5", "count": "6"}, {"item": "17", "count": "4"}, {"item": "9", "count": "4"}, {"item": "10", "count": "3"}, {"item": "36", "count": "3"}, {"item": "43", "count": "3"}, {"item": "21", "count": "3"}, {"item": "29", "count": "2"}, {"item": "30", "count": "2"}, {"item": "20", "count": "2"}, {"item": "8", "count": "2"}, {"item": "16", "count": "2"}, {"item": "69", "count": "2"}], "smallest": "0", "cardinality": "54"}, "format": {"precisionStyle": "standard", "noCommas": "false", "align": "right", "aggregate": "sum"}}, {"id": 529105511, "name": "2bd Units", "dataTypeName": "number", "description": "", "fieldName": "_2bd_units", "position": 39, "renderTypeName": "number", "tableColumnId": 37404298, "width": 72, "cachedContents": {"non_null": "307", "largest": "95", "null": "0", "top": [{"item": "0", "count": "158"}, {"item": "2", "count": "22"}, {"item": "1", "count": "17"}, {"item": "5", "count": "11"}, {"item": "3", "count": "10"}, {"item": "4", "count": "8"}, {"item": "6", "count": "7"}, {"item": "7", "count": "6"}, {"item": "8", "count": "6"}, {"item": "30", "count": "4"}, {"item": "15", "count": "4"}, {"item": "9", "count": "3"}, {"item": "10", "count": "3"}, {"item": "40", "count": "2"}, {"item": "18", "count": "2"}, {"item": "20", "count": "2"}, {"item": "28", "count": "2"}, {"item": "41", "count": "2"}, {"item": "45", "count": "2"}, {"item": "47", "count": "2"}], "smallest": "0", "cardinality": "51"}, "format": {"precisionStyle": "standard", "noCommas": "false", "align": "right", "aggregate": "sum"}}, {"id": 529105512, "name": "3bd Units", "dataTypeName": "number", "description": "", "fieldName": "_3bd_units", "position": 40, "renderTypeName": "number", "tableColumnId": 37404299, "width": 72, "cachedContents": {"non_null": "307", "largest": "70", "null": "0", "top": [{"item": "0", "count": "228"}, {"item": "2", "count": "14"}, {"item": "1", "count": "14"}, {"item": "14", "count": "4"}, {"item": "3", "count": "4"}, {"item": "16", "count": "3"}, {"item": "9", "count": "3"}, {"item": "15", "count": "3"}, {"item": "17", "count": "2"}, {"item": "24", "count": "2"}, {"item": "4", "count": "2"}, {"item": "5", "count": "2"}, {"item": "29", "count": "2"}, {"item": "7", "count": "2"}, {"item": "8", "count": "2"}, {"item": "39", "count": "2"}, {"item": "40", "count": "2"}, {"item": "11", "count": "2"}, {"item": "70", "count": "1"}, {"item": "6", "count": "1"}], "smallest": "0", "cardinality": "32"}, "format": {"precisionStyle": "standard", "noCommas": "false", "align": "right", "aggregate": "sum"}}, {"id": 529105513, "name": "4bd Units", "dataTypeName": "number", "description": "", "fieldName": "_4bd_units", "position": 41, "renderTypeName": "number", "tableColumnId": 37404300, "width": 72, "cachedContents": {"non_null": "307", "largest": "34", "null": "0", "top": [{"item": "0", "count": "290"}, {"item": "2", "count": "3"}, {"item": "11", "count": "2"}, {"item": "3", "count": "2"}, {"item": "4", "count": "2"}, {"item": "10", "count": "1"}, {"item": "14", "count": "1"}, {"item": "29", "count": "1"}, {"item": "34", "count": "1"}, {"item": "1", "count": "1"}, {"item": "6", "count": "1"}, {"item": "7", "count": "1"}, {"item": "9", "count": "1"}], "smallest": "0", "cardinality": "13"}, "format": {"precisionStyle": "standard", "noCommas": "false", "align": "right", "aggregate": "sum"}}, {"id": 529105514, "name": "5+ bd Units", "dataTypeName": "number", "description": "", "fieldName": "_5_bd_units", "position": 42, "renderTypeName": "number", "tableColumnId": 37404301, "width": 76, "cachedContents": {"non_null": "307", "largest": "6", "null": "0", "top": [{"item": "0", "count": "302"}, {"item": "1", "count": "3"}, {"item": "5", "count": "1"}, {"item": "6", "count": "1"}], "smallest": "0", "cardinality": "4"}, "format": {"precisionStyle": "standard", "noCommas": "false", "align": "right", "aggregate": "sum"}}, {"id": 529105515, "name": "Mobility Units", "dataTypeName": "number", "description": "", "fieldName": "mobility_units", "position": 43, "renderTypeName": "number", "tableColumnId": 41770777, "width": 100, "cachedContents": {"non_null": "307", "largest": "40", "null": "0", "top": [{"item": "0", "count": "276"}, {"item": "13", "count": "4"}, {"item": "14", "count": "4"}, {"item": "11", "count": "3"}, {"item": "23", "count": "3"}, {"item": "6", "count": "2"}, {"item": "7", "count": "2"}, {"item": "8", "count": "2"}, {"item": "4", "count": "2"}, {"item": "16", "count": "2"}, {"item": "40", "count": "1"}, {"item": "1", "count": "1"}, {"item": "2", "count": "1"}, {"item": "5", "count": "1"}, {"item": "9", "count": "1"}, {"item": "10", "count": "1"}, {"item": "15", "count": "1"}], "smallest": "0", "cardinality": "17"}, "format": {"precisionStyle": "standard", "noCommas": "false", "align": "right", "aggregate": "sum"}}, {"id": 529105516, "name": "Manager Units", "dataTypeName": "number", "description": "", "fieldName": "manager_units", "position": 44, "renderTypeName": "number", "tableColumnId": 37404302, "width": 81, "cachedContents": {"non_null": "307", "largest": "2", "null": "0", "top": [{"item": "0", "count": "233"}, {"item": "1", "count": "66"}, {"item": "2", "count": "8"}], "smallest": "0", "cardinality": "3"}, "format": {"precisionStyle": "standard", "noCommas": "false", "align": "right", "aggregate": "sum"}}, {"id": 529105517, "name": "Manager Unit(s) Type", "dataTypeName": "text", "description": "", "fieldName": "manager_unit_s_type", "position": 45, "renderTypeName": "text", "tableColumnId": 37404303, "width": 113, "cachedContents": {"non_null": "62", "largest": "Studio", "null": "245", "top": [{"item": "2bd", "count": "31"}, {"item": "1bd", "count": "15"}, {"item": "3bd", "count": "6"}, {"item": "Studio", "count": "3"}, {"item": "SRO", "count": "2"}, {"item": "studio", "count": "2"}, {"item": "2bd, 3bd", "count": "1"}, {"item": "2bd; 2bd", "count": "1"}, {"item": "1", "count": "1"}], "smallest": "1", "cardinality": "9"}, "format": {}}, {"id": 529105518, "name": "Family Units", "dataTypeName": "number", "description": "", "fieldName": "family_units", "position": 46, "renderTypeName": "number", "tableColumnId": 37404304, "width": 103, "cachedContents": {"non_null": "307", "largest": "201", "null": "0", "top": [{"item": "0", "count": "73"}, {"item": "3", "count": "14"}, {"item": "8", "count": "12"}, {"item": "7", "count": "12"}, {"item": "5", "count": "10"}, {"item": "10", "count": "8"}, {"item": "2", "count": "8"}, {"item": "6", "count": "8"}, {"item": "17", "count": "6"}, {"item": "1", "count": "6"}, {"item": "9", "count": "6"}, {"item": "4", "count": "5"}, {"item": "12", "count": "5"}, {"item": "13", "count": "5"}, {"item": "11", "count": "5"}, {"item": "69", "count": "4"}, {"item": "89", "count": "4"}, {"item": "22", "count": "4"}, {"item": "58", "count": "4"}, {"item": "18", "count": "4"}], "smallest": "0", "cardinality": "96"}, "format": {"precisionStyle": "standard", "noCommas": "false", "align": "right", "aggregate": "sum"}}, {"id": 529105519, "name": "Senior Units", "dataTypeName": "number", "description": "", "fieldName": "senior_units", "position": 47, "renderTypeName": "number", "tableColumnId": 37404305, "width": 98, "cachedContents": {"non_null": "307", "largest": "201", "null": "0", "top": [{"item": "0", "count": "288"}, {"item": "30", "count": "2"}, {"item": "21", "count": "1"}, {"item": "44", "count": "1"}, {"item": "49", "count": "1"}, {"item": "52", "count": "1"}, {"item": "59", "count": "1"}, {"item": "78", "count": "1"}, {"item": "93", "count": "1"}, {"item": "96", "count": "1"}, {"item": "97", "count": "1"}, {"item": "99", "count": "1"}, {"item": "103", "count": "1"}, {"item": "104", "count": "1"}, {"item": "130", "count": "1"}, {"item": "152", "count": "1"}, {"item": "198", "count": "1"}, {"item": "201", "count": "1"}, {"item": "14", "count": "1"}], "smallest": "0", "cardinality": "19"}, "format": {"precisionStyle": "standard", "noCommas": "false", "align": "right", "aggregate": "sum"}}, {"id": 529105520, "name": "TAY Units", "dataTypeName": "number", "description": "", "fieldName": "tay_units", "position": 48, "renderTypeName": "number", "tableColumnId": 37404306, "width": 96, "cachedContents": {"non_null": "307", "largest": "32", "null": "0", "top": [{"item": "0", "count": "302"}, {"item": "5", "count": "2"}, {"item": "29", "count": "1"}, {"item": "30", "count": "1"}, {"item": "32", "count": "1"}], "smallest": "0", "cardinality": "5"}, "format": {"precisionStyle": "standard", "noCommas": "false", "align": "right", "aggregate": "sum"}}, {"id": 529105521, "name": "Homeless Units", "dataTypeName": "number", "description": "", "fieldName": "homeless_units", "position": 49, "renderTypeName": "number", "tableColumnId": 37404307, "width": 88, "cachedContents": {"non_null": "307", "largest": "253", "null": "0", "top": [{"item": "0", "count": "276"}, {"item": "40", "count": "3"}, {"item": "20", "count": "3"}, {"item": "15", "count": "2"}, {"item": "22", "count": "1"}, {"item": "29", "count": "1"}, {"item": "30", "count": "1"}, {"item": "32", "count": "1"}, {"item": "33", "count": "1"}, {"item": "35", "count": "1"}, {"item": "36", "count": "1"}, {"item": "38", "count": "1"}, {"item": "39", "count": "1"}, {"item": "10", "count": "1"}, {"item": "44", "count": "1"}, {"item": "253", "count": "1"}, {"item": "62", "count": "1"}, {"item": "67", "count": "1"}, {"item": "71", "count": "1"}, {"item": "89", "count": "1"}], "smallest": "0", "cardinality": "27"}, "format": {"precisionStyle": "standard", "noCommas": "false", "align": "right", "aggregate": "sum"}}, {"id": 529105522, "name": "Disabled Units", "dataTypeName": "number", "description": "", "fieldName": "disabled_units", "position": 50, "renderTypeName": "number", "tableColumnId": 37404308, "width": 85, "cachedContents": {"non_null": "307", "largest": "68", "null": "0", "top": [{"item": "0", "count": "305"}, {"item": "27", "count": "1"}, {"item": "68", "count": "1"}], "smallest": "0", "cardinality": "3"}, "format": {"precisionStyle": "standard", "noCommas": "false", "align": "right", "aggregate": "sum"}}, {"id": 529105523, "name": "LOSP Units", "dataTypeName": "number", "description": "", "fieldName": "losp_units", "position": 51, "renderTypeName": "number", "tableColumnId": 51663337, "width": 80, "cachedContents": {"non_null": "307", "largest": "140", "null": "0", "top": [{"item": "0", "count": "289"}, {"item": "40", "count": "3"}, {"item": "20", "count": "2"}, {"item": "29", "count": "1"}, {"item": "30", "count": "1"}, {"item": "32", "count": "1"}, {"item": "33", "count": "1"}, {"item": "35", "count": "1"}, {"item": "38", "count": "1"}, {"item": "39", "count": "1"}, {"item": "44", "count": "1"}, {"item": "96", "count": "1"}, {"item": "120", "count": "1"}, {"item": "140", "count": "1"}, {"item": "10", "count": "1"}, {"item": "15", "count": "1"}], "smallest": "0", "cardinality": "16"}, "format": {"align": "right"}}, {"id": 529105524, "name": "Public Housing Replacement Units", "dataTypeName": "number", "description": "", "fieldName": "public_housing_replacement_units", "position": 52, "renderTypeName": "number", "tableColumnId": 51663346, "width": 80, "cachedContents": {"non_null": "307", "largest": "126", "null": "0", "top": [{"item": "0", "count": "294"}, {"item": "35", "count": "2"}, {"item": "27", "count": "1"}, {"item": "29", "count": "1"}, {"item": "30", "count": "1"}, {"item": "31", "count": "1"}, {"item": "20", "count": "1"}, {"item": "39", "count": "1"}, {"item": "41", "count": "1"}, {"item": "53", "count": "1"}, {"item": "117", "count": "1"}, {"item": "125", "count": "1"}, {"item": "126", "count": "1"}], "smallest": "0", "cardinality": "13"}, "format": {"align": "right"}}, {"id": 529105525, "name": "20% AMI", "dataTypeName": "number", "description": "", "fieldName": "_20_ami", "position": 53, "renderTypeName": "number", "tableColumnId": 37404309, "width": 50, "cachedContents": {"non_null": "307", "largest": "61", "null": "0", "top": [{"item": "0", "count": "302"}, {"item": "15", "count": "1"}, {"item": "20", "count": "1"}, {"item": "30", "count": "1"}, {"item": "33", "count": "1"}, {"item": "61", "count": "1"}], "smallest": "0", "cardinality": "6"}, "format": {"precisionStyle": "standard", "noCommas": "false", "align": "right", "aggregate": "sum"}}, {"id": 529105526, "name": "30% AMI", "dataTypeName": "number", "description": "", "fieldName": "_30_ami", "position": 54, "renderTypeName": "number", "tableColumnId": 37404310, "width": 50, "cachedContents": {"non_null": "307", "largest": "62", "null": "0", "top": [{"item": "0", "count": "286"}, {"item": "40", "count": "3"}, {"item": "35", "count": "2"}, {"item": "30", "count": "2"}, {"item": "32", "count": "2"}, {"item": "13", "count": "1"}, {"item": "14", "count": "1"}, {"item": "16", "count": "1"}, {"item": "22", "count": "1"}, {"item": "24", "count": "1"}, {"item": "41", "count": "1"}, {"item": "60", "count": "1"}, {"item": "62", "count": "1"}, {"item": "5", "count": "1"}, {"item": "7", "count": "1"}, {"item": "8", "count": "1"}, {"item": "10", "count": "1"}], "smallest": "0", "cardinality": "17"}, "format": {"precisionStyle": "standard", "noCommas": "false", "align": "right", "aggregate": "sum"}}, {"id": 529105527, "name": "40% AMi", "dataTypeName": "number", "description": "", "fieldName": "_40_ami", "position": 55, "renderTypeName": "number", "tableColumnId": 80515742, "width": 80, "cachedContents": {"non_null": "307", "largest": "138", "null": "0", "top": [{"item": "0", "count": "293"}, {"item": "8", "count": "2"}, {"item": "11", "count": "1"}, {"item": "13", "count": "1"}, {"item": "15", "count": "1"}, {"item": "16", "count": "1"}, {"item": "18", "count": "1"}, {"item": "26", "count": "1"}, {"item": "27", "count": "1"}, {"item": "33", "count": "1"}, {"item": "34", "count": "1"}, {"item": "35", "count": "1"}, {"item": "71", "count": "1"}, {"item": "138", "count": "1"}], "smallest": "0", "cardinality": "14"}, "format": {"align": "right"}}, {"id": 529105528, "name": "50% AMI", "dataTypeName": "number", "description": "", "fieldName": "_50_ami", "position": 56, "renderTypeName": "number", "tableColumnId": 37404311, "width": 50, "cachedContents": {"non_null": "307", "largest": "256", "null": "0", "top": [{"item": "0", "count": "245"}, {"item": "8", "count": "3"}, {"item": "15", "count": "3"}, {"item": "32", "count": "2"}, {"item": "3", "count": "2"}, {"item": "5", "count": "2"}, {"item": "11", "count": "2"}, {"item": "69", "count": "2"}, {"item": "44", "count": "2"}, {"item": "23", "count": "2"}, {"item": "33", "count": "2"}, {"item": "58", "count": "2"}, {"item": "30", "count": "2"}, {"item": "50", "count": "1"}, {"item": "51", "count": "1"}, {"item": "54", "count": "1"}, {"item": "57", "count": "1"}, {"item": "59", "count": "1"}, {"item": "60", "count": "1"}, {"item": "62", "count": "1"}], "smallest": "0", "cardinality": "49"}, "format": {"precisionStyle": "standard", "noCommas": "false", "align": "right", "aggregate": "sum"}}, {"id": 529105529, "name": "55% AMI", "dataTypeName": "number", "description": "", "fieldName": "_55_ami", "position": 57, "renderTypeName": "number", "tableColumnId": 37404312, "width": 56, "cachedContents": {"non_null": "307", "largest": "111", "null": "0", "top": [{"item": "0", "count": "253"}, {"item": "2", "count": "5"}, {"item": "3", "count": "5"}, {"item": "10", "count": "4"}, {"item": "11", "count": "4"}, {"item": "7", "count": "3"}, {"item": "19", "count": "3"}, {"item": "1", "count": "3"}, {"item": "9", "count": "3"}, {"item": "12", "count": "3"}, {"item": "25", "count": "2"}, {"item": "23", "count": "2"}, {"item": "22", "count": "2"}, {"item": "61", "count": "1"}, {"item": "74", "count": "1"}, {"item": "111", "count": "1"}, {"item": "4", "count": "1"}, {"item": "5", "count": "1"}, {"item": "6", "count": "1"}, {"item": "8", "count": "1"}], "smallest": "0", "cardinality": "28"}, "format": {"precisionStyle": "standard", "noCommas": "false", "align": "right", "aggregate": "sum"}}, {"id": 529105530, "name": "60% AMI", "dataTypeName": "number", "description": "", "fieldName": "_60_ami", "position": 58, "renderTypeName": "number", "tableColumnId": 37404313, "width": 50, "cachedContents": {"non_null": "307", "largest": "181", "null": "0", "top": [{"item": "0", "count": "261"}, {"item": "5", "count": "3"}, {"item": "23", "count": "3"}, {"item": "74", "count": "2"}, {"item": "33", "count": "2"}, {"item": "10", "count": "2"}, {"item": "34", "count": "2"}, {"item": "21", "count": "1"}, {"item": "28", "count": "1"}, {"item": "32", "count": "1"}, {"item": "38", "count": "1"}, {"item": "41", "count": "1"}, {"item": "43", "count": "1"}, {"item": "46", "count": "1"}, {"item": "48", "count": "1"}, {"item": "50", "count": "1"}, {"item": "54", "count": "1"}, {"item": "59", "count": "1"}, {"item": "67", "count": "1"}, {"item": "69", "count": "1"}], "smallest": "0", "cardinality": "39"}, "format": {"precisionStyle": "standard", "noCommas": "false", "align": "right", "aggregate": "sum"}}, {"id": 529105531, "name": "80% AMI", "dataTypeName": "number", "description": "", "fieldName": "_80_ami", "position": 59, "renderTypeName": "number", "tableColumnId": 37404314, "width": 50, "cachedContents": {"non_null": "307", "largest": "104", "null": "0", "top": [{"item": "0", "count": "229"}, {"item": "6", "count": "6"}, {"item": "2", "count": "5"}, {"item": "1", "count": "5"}, {"item": "5", "count": "4"}, {"item": "11", "count": "4"}, {"item": "10", "count": "4"}, {"item": "3", "count": "4"}, {"item": "7", "count": "4"}, {"item": "8", "count": "4"}, {"item": "4", "count": "3"}, {"item": "22", "count": "3"}, {"item": "20", "count": "2"}, {"item": "9", "count": "2"}, {"item": "12", "count": "2"}, {"item": "14", "count": "2"}, {"item": "15", "count": "2"}, {"item": "17", "count": "2"}, {"item": "29", "count": "2"}, {"item": "30", "count": "2"}], "smallest": "0", "cardinality": "36"}, "format": {"precisionStyle": "standard", "noCommas": "false", "align": "right", "aggregate": "sum"}}, {"id": 529105532, "name": "90% AMI", "dataTypeName": "number", "description": "", "fieldName": "_90_ami", "position": 60, "renderTypeName": "number", "tableColumnId": 37404315, "width": 52, "cachedContents": {"non_null": "307", "largest": "72", "null": "0", "top": [{"item": "0", "count": "266"}, {"item": "3", "count": "9"}, {"item": "7", "count": "4"}, {"item": "6", "count": "3"}, {"item": "4", "count": "3"}, {"item": "8", "count": "3"}, {"item": "5", "count": "2"}, {"item": "1", "count": "2"}, {"item": "2", "count": "2"}, {"item": "26", "count": "2"}, {"item": "48", "count": "1"}, {"item": "72", "count": "1"}, {"item": "10", "count": "1"}, {"item": "11", "count": "1"}, {"item": "17", "count": "1"}, {"item": "18", "count": "1"}, {"item": "19", "count": "1"}, {"item": "21", "count": "1"}, {"item": "22", "count": "1"}, {"item": "28", "count": "1"}], "smallest": "0", "cardinality": "21"}, "format": {"precisionStyle": "standard", "noCommas": "false", "align": "right", "aggregate": "sum"}}, {"id": 529105533, "name": "100% AMI", "dataTypeName": "number", "description": "", "fieldName": "_100_ami", "position": 61, "renderTypeName": "number", "tableColumnId": 37404316, "width": 80, "cachedContents": {"non_null": "307", "largest": "50", "null": "0", "top": [{"item": "0", "count": "298"}, {"item": "1", "count": "1"}, {"item": "2", "count": "1"}, {"item": "3", "count": "1"}, {"item": "5", "count": "1"}, {"item": "25", "count": "1"}, {"item": "35", "count": "1"}, {"item": "45", "count": "1"}, {"item": "47", "count": "1"}, {"item": "50", "count": "1"}], "smallest": "0", "cardinality": "10"}, "format": {"precisionStyle": "standard", "noCommas": "false", "align": "right", "aggregate": "sum"}}, {"id": 529105534, "name": "105% AMI", "dataTypeName": "number", "description": "", "fieldName": "_105_ami", "position": 62, "renderTypeName": "number", "tableColumnId": 80515741, "width": 80, "cachedContents": {"non_null": "307", "largest": "36", "null": "0", "top": [{"item": "0", "count": "298"}, {"item": "2", "count": "3"}, {"item": "12", "count": "2"}, {"item": "36", "count": "1"}, {"item": "11", "count": "1"}, {"item": "3", "count": "1"}, {"item": "27", "count": "1"}], "smallest": "0", "cardinality": "7"}, "format": {"align": "right"}}, {"id": 529105535, "name": "110% AMI", "dataTypeName": "number", "description": "", "fieldName": "_110_ami", "position": 63, "renderTypeName": "number", "tableColumnId": 80515740, "width": 80, "cachedContents": {"non_null": "307", "largest": "58", "null": "0", "top": [{"item": "0", "count": "293"}, {"item": "1", "count": "3"}, {"item": "2", "count": "3"}, {"item": "4", "count": "2"}, {"item": "14", "count": "1"}, {"item": "45", "count": "1"}, {"item": "58", "count": "1"}, {"item": "3", "count": "1"}, {"item": "7", "count": "1"}, {"item": "12", "count": "1"}], "smallest": "0", "cardinality": "10"}, "format": {"align": "right"}}, {"id": 529105536, "name": "120% AMI", "dataTypeName": "number", "description": "", "fieldName": "_120_ami", "position": 64, "renderTypeName": "number", "tableColumnId": 37404317, "width": 80, "cachedContents": {"non_null": "307", "largest": "192", "null": "0", "top": [{"item": "0", "count": "292"}, {"item": "13", "count": "3"}, {"item": "5", "count": "1"}, {"item": "7", "count": "1"}, {"item": "21", "count": "1"}, {"item": "24", "count": "1"}, {"item": "30", "count": "1"}, {"item": "45", "count": "1"}, {"item": "51", "count": "1"}, {"item": "58", "count": "1"}, {"item": "101", "count": "1"}, {"item": "104", "count": "1"}, {"item": "192", "count": "1"}, {"item": "3", "count": "1"}], "smallest": "0", "cardinality": "14"}, "format": {"precisionStyle": "standard", "noCommas": "false", "align": "right", "aggregate": "sum"}}, {"id": 529105537, "name": "130% AMI", "dataTypeName": "number", "description": "", "fieldName": "_130_ami", "position": 65, "renderTypeName": "number", "tableColumnId": 80515739, "width": 80, "cachedContents": {"non_null": "307", "largest": "23", "null": "0", "top": [{"item": "0", "count": "301"}, {"item": "2", "count": "2"}, {"item": "3", "count": "2"}, {"item": "12", "count": "1"}, {"item": "23", "count": "1"}], "smallest": "0", "cardinality": "5"}, "format": {"align": "right"}}, {"id": 529105538, "name": "150% AMI", "dataTypeName": "number", "description": "", "fieldName": "_150_ami", "position": 66, "renderTypeName": "number", "tableColumnId": 37404318, "width": 80, "cachedContents": {"non_null": "307", "largest": "0", "null": "0", "top": [{"item": "0", "count": "307"}], "smallest": "0", "cardinality": "1"}, "format": {"precisionStyle": "standard", "noCommas": "false", "align": "right", "aggregate": "sum"}}, {"id": 529105539, "name": "AMI Undeclared", "dataTypeName": "number", "description": "", "fieldName": "ami_undeclared", "position": 67, "renderTypeName": "number", "tableColumnId": 80515738, "width": 80, "cachedContents": {"non_null": "307", "largest": "181", "null": "0", "top": [{"item": "0", "count": "283"}, {"item": "89", "count": "2"}, {"item": "18", "count": "2"}, {"item": "99", "count": "2"}, {"item": "119", "count": "2"}, {"item": "49", "count": "1"}, {"item": "59", "count": "1"}, {"item": "69", "count": "1"}, {"item": "79", "count": "1"}, {"item": "84", "count": "1"}, {"item": "1", "count": "1"}, {"item": "96", "count": "1"}, {"item": "176", "count": "1"}, {"item": "100", "count": "1"}, {"item": "104", "count": "1"}, {"item": "107", "count": "1"}, {"item": "181", "count": "1"}, {"item": "129", "count": "1"}, {"item": "10", "count": "1"}, {"item": "14", "count": "1"}], "smallest": "0", "cardinality": "21"}, "format": {"align": "right"}}, {"id": 529105540, "name": "Latitude", "dataTypeName": "number", "description": "", "fieldName": "latitude", "position": 68, "renderTypeName": "number", "tableColumnId": 41770779, "width": 100, "cachedContents": {"non_null": "307", "largest": "42.176670000000", "null": "0", "top": [{"item": "0E-12", "count": "4"}, {"item": "37.729497063000", "count": "2"}, {"item": "37.789981604000", "count": "2"}, {"item": "37.790008674000", "count": "2"}, {"item": "37.717010014000", "count": "2"}, {"item": "37.787575685000", "count": "2"}, {"item": "37.776925131000", "count": "2"}, {"item": "37.765836629000", "count": "2"}, {"item": "37.712401027000", "count": "1"}, {"item": "37.712887032000", "count": "1"}, {"item": "37.713529810000", "count": "1"}, {"item": "37.713564531000", "count": "1"}, {"item": "37.714330000000", "count": "1"}, {"item": "37.714334705000", "count": "1"}, {"item": "37.714859113000", "count": "1"}, {"item": "37.715421496000", "count": "1"}, {"item": "37.715982657000", "count": "1"}, {"item": "37.716480014000", "count": "1"}, {"item": "37.718764238000", "count": "1"}, {"item": "37.718812801000", "count": "1"}], "smallest": "0E-12", "cardinality": "297"}, "format": {}}, {"id": 529105541, "name": "Longitude", "dataTypeName": "number", "description": "", "fieldName": "longitude", "position": 69, "renderTypeName": "number", "tableColumnId": 41770778, "width": 100, "cachedContents": {"non_null": "307", "largest": "0E-12", "null": "0", "top": [{"item": "0E-12", "count": "4"}, {"item": "-122.407188981999", "count": "2"}, {"item": "-122.391730222999", "count": "2"}, {"item": "-122.370224646999", "count": "2"}, {"item": "-122.478923092999", "count": "2"}, {"item": "-122.395688368999", "count": "2"}, {"item": "-122.393507961999", "count": "2"}, {"item": "-122.502232253999", "count": "1"}, {"item": "-122.501654084999", "count": "1"}, {"item": "-122.490454702999", "count": "1"}, {"item": "-122.488580000000", "count": "1"}, {"item": "-122.485170000000", "count": "1"}, {"item": "-122.483417299999", "count": "1"}, {"item": "-122.467869501999", "count": "1"}, {"item": "-122.464700000000", "count": "1"}, {"item": "-122.464300000000", "count": "1"}, {"item": "-122.462370000000", "count": "1"}, {"item": "-122.461400000000", "count": "1"}, {"item": "-122.457000000000", "count": "1"}, {"item": "-122.456250000000", "count": "1"}], "smallest": "-122.676800000000", "cardinality": "298"}, "format": {}}, {"id": 529105543, "name": "Location", "dataTypeName": "location", "description": "", "fieldName": "location", "position": 70, "renderTypeName": "location", "tableColumnId": 42367925, "width": 113, "format": {}}], "grants": [{"inherited": false, "type": "viewer", "flags": ["public"]}], "license": {"name": "Open Data Commons Public Domain Dedication and License", "termsLink": "http://opendatacommons.org/licenses/pddl/1.0/"}, "metadata": {"richRendererConfigs": {"page": {"columns": [{"rows": [{"fields": [{"tableColumnId": 37404270, "type": "columnLabel"}]}, {"fields": [{"tableColumnId": 37404293, "type": "columnLabel"}]}]}]}}, "rdfSubject": "0", "attachments": [{"filename": "MYR-0031_DataDictionary_affordable-housing-pipeline.xlsx", "assetId": "2b730b3d-1b4e-4451-b325-fda306e4363f", "name": "MYR-0031_DataDictionary_affordable-housing-pipeline.xlsx"}], "custom_fields": {"Department Metrics": {"Publishing Department": "Mayor"}, "Detailed Descriptive": {"Geographic unit": "Latitude/longitude"}, "Publishing Details": {"Data change frequency": "Quarterly", "Publishing frequency": "Quarterly"}}, "rowLabel": "Projects", "availableDisplayTypes": ["table", "fatrow", "page"], "renderTypeConfig": {"visible": {"table": true}}}, "owner": {"id": "bcbz-3kbs", "displayName": "Teresa Y", "screenName": "Teresa Y", "type": "interactive", "flags": ["acceptedEula"]}, "query": {}, "rights": ["read"], "tableAuthor": {"id": "bcbz-3kbs", "displayName": "Teresa Y", "screenName": "Teresa Y", "type": "interactive", "flags": ["acceptedEula"]}, "tags": ["mohcd", "ocii", "affordable housing", "pipeline"], "flags": ["default", "ownerMayBeContacted", "restorable", "restorePossibleForType"]}